1338303658,iotsh
9732698231,gdkmk
8917932531,tgdyf
1727404667,bkoqk
4153498993,pwqto
7920779076,twvkk
2923190038,hqszs
4994447957,gvroo
5362769084,buhxx
9072889663,ppxqs
7547316675,wjpmd
5864753839,wukxm
7266054393,okbev
1393173302,zntqy
2207709126,hoehk
5390898829,xlkhe
1104369935,cyxyq
8619270478,ctopj
8647151255,sdwux
8299366339,byozx
7536970721,itfvg
7351548382,uviej
9589376343,xjorl
3260738990,mbjum
5728779199,btikq
1248940285,raxzn
4917470617,rfjvt
1784109756,eymit
2506148451,swduu
8129137334,mwfjd
9259590456,hgarf
3636429455,fonni
4227745280,cmrlz
7340557270,tcqud
3253535924,fklnj
4045358320,nkwdz
1333413667,nnfoh
4062123289,lwlse
1193347487,gyfzj
3642252484,xcpsx
7439712154,cbpmd
3040576930,bahpe
3665167037,kosyi
3139851420,rojhi
5225118426,uabls
2497553889,xpyiw
1732889884,asjzj
1194629950,lfwcw
2221278543,nedpi
4449705456,qmrce
5471151544,aypyv
3023421902,qcbbq
3926209452,okdik
5263862556,zediu
3586348992,wjuhd
3109255346,zpjru
6608460945,idert
3640086102,ibypa
5737455675,sbwoo
7655397704,iftnn
4880700045,toaai
4391266266,ymlwy
9830081870,ljbie
2075030352,jhhen
8829312226,yithj
2873029958,tddpl
9274374050,wlqfa
6494612825,jgqgv
7864198077,zextf
7540899028,mnmyd
2408310508,pvakk
1186225838,tnudr
7606801356,zvnvq
7687343132,rqiuy
3541918531,wzdwy
1532514700,gixkn
8362388753,bugvr
8540324837,fzpur
6121795615,morud
1971454878,givqk
4335071400,dxqsg
1287625032,enqdg
6713211855,gyamz
5705401615,qmfgt
7734743897,yovtz
3724937413,dezmp
2874168086,bahli
4211128570,qbayz
3029920070,ngkbc
3674010854,qqsgv
5495589343,lzlim
1834481581,ibnyc
2799750532,gqtme
1856887058,wihkd
6298308062,hzhuu
7363451585,oumfn
5727886671,ipjug
7191390644,kgoxg
7290522317,ldfte
3181343403,jiust
2761221371,bysrh
1634697074,sbrel
5060588966,mqite
9342664005,raksf
9742863020,gkypv
3729221188,islog
6724785708,ipxwq
2786243956,bfkqx
1991609434,wpgbr
2069402625,pmgbc
4839630058,wrxpc
3625925015,rwhhi
6010241780,sneoh
9891684305,lrkkk
7399127013,yirbb
7647135719,cmvjp
9273719882,wjsve
2655177095,hdmss
3120536503,onuvx
1969312419,whcsr
5379160580,lumfm
6122925076,ecdew
7826397605,tdqat
3028832044,pwczv
8084957215,onkty
2851231105,nqjje
1557391727,wtfbb
6769128782,vswzl
1364257305,jtudx
8972494915,fgdyk
7526671973,otaln
2916500739,btlde
8903208985,kmcxe
3567823791,tztbd
2003981109,qxdjc
2849645761,lfbav
4421330064,crsaf
9191400983,wednv
2082228506,uvcyd
1623413378,rqdzw
8364722722,xqjdg
7908346501,nmvlf
9549723298,knbcc
1761445014,aolhi
3365074028,ihttn
6762785231,mjigz
1403669195,isqzk
7673278404,ullpv
6644657593,icbhv
3603765095,owgfo
2524966634,enpyc
1580588901,ojmit
6771600774,xfcrt
7944603738,prjdy
6694861324,swzfo
9446911912,ktjhp
4486108601,jhhcz
1265156901,ypbyt
8272406954,xpahv
5712552406,bztdd
6655792835,bjoks
2522116456,ccofw
6132501558,nxhtz
3686144010,dwpfh
4253188064,oihrc
8570185662,jxqno
3596298652,dygaj
6994327571,eadwi
9744372476,ojafw
5543141460,cwvxf
5385965306,irpwp
8732733683,ikylv
4754751086,eqgaw
7834033783,vhbwm
3845563000,dbiip
8820583237,zblxv
2638381772,vmerq
1385053981,regbe
8657500914,rsbhx
1851163792,fiuxm
2216825088,xhdtb
6379124172,immyw
5840570024,rvdyc
6804340199,icits
1102078139,ilmof
1512221312,iphdx
6410654452,wvvuc
8770391541,swflg
5040010420,flkxs
8368017884,xlibm
7841252633,ooenq
9642840356,lzzgh
8841787551,zjyig
1530347333,ipyov
9269609064,ojuev
7373185234,ubsmg
7458221939,hsfen
1221740473,aswbd
8597807273,ceceh
4357002886,odkjn
7877199984,fitjw
8501674047,qphdl
9101470362,keutq
8548342696,gzzhk
3862008356,yiuan
1928479536,dseuq
6823631971,hfghv
2405431410,nooba
5240713732,gmcnu
8098470660,aszzc
1550696842,dqvla
7954089714,pbwar
3849956150,emrnf
8320067147,uncdg
5004996795,ngmbb
8552997277,kwyad
3641782844,otvbs
6364199594,fasiw
5775683547,rezww
6143180594,fmzsp
1173586354,zgpol
5638795578,ptcfe
7512694430,parji
2085855581,klgyi
4302887514,ynouq
1979532416,ilgdv
8013222782,jcbyf
6546104573,bmlvm
1951720143,tbrpy
4708174631,ugkmr
6794232915,ouitx
7901882106,xeacl
9513493045,fyayt
8579121655,jaqiu
3220926363,jerco
7807404710,lmqqt
4206200098,rsmki
8820470661,iirim
2081685150,qtfhm
2026394597,yneom
7756429390,cetlx
5976652776,lxcms
8927004971,cwitm
6613615022,pwiqq
5159470579,lhvjj
4849770062,vkdmf
9598854965,feote
7118125876,zbbiw
6609048039,lboup
4849140255,xkqgz
6477790399,nobgv
7380598993,apdmu
2165535734,xabju
6073335309,cbofb
2127162330,fxsir
8127419261,vrbdv
2637323701,eslxh
9048231241,xfqml
7868903086,jamjq
1665344273,zbvsn
3701041403,quoor
5679526121,ocagl
1912903280,ojwom
9533504492,sbdvo
2441961957,suvzj
1712755681,yholj
4245384397,cquqj
8829248643,vsaea
8895283110,rqgbr
8630118407,nggxd
1649833965,bemyb
4987829849,vunja
4796374012,hkgad
1810072342,sbwcp
2893957707,edolg
4769133854,fmipr
6129983164,ckzac
5965212673,rqamt
8078831828,lzxwc
4213158624,btvmj
8743543552,qenxb
2072840987,lmunt
9768413520,bedek
1636964112,xzmeb
1183788804,unhzw
5452279653,frcov
3158629651,ojkqs
8246373817,ochar
5675761195,kbbyc
3006702349,ogujg
2439373840,mvvgk
7976170151,bqfcl
3905287357,njlem
8350991668,qalht
8478849111,wajkd
8399493169,oemnc
6879022696,diqxe
3035801358,kfvvl
9444386484,byynr
5148110224,soykh
6501115342,hmvus
7151397828,dcyla
3077026440,eagda
7284451254,kuzut
2731447918,wxqhw
7249240571,rydry
1266388045,dsltz
6623867379,tisin
9224007054,ctmvo
7083587069,ynpsb
8417789093,vlyyq
5134613101,zoomq
8047690921,ccjyo
5035502079,ptvdc
3209154663,sbmvz
6439907171,bzdjd
9455908407,vdagc
8837709475,gfemp
5557532654,cskgt
5657889704,zfzab
2672934095,rwyqu
5566609112,bbwrm
4197497551,qietd
2119145878,lxuhh
5400440950,hqczj
9202233579,kijgs
4674181868,xgiff
4279781116,kblbq
8491398185,bzakd
8125306805,zxkon
1391670157,gbybx
9477025503,ryjye
6376879089,nmcac
2074073033,yjgzt
8782556748,mtwph
9138285846,npnvy
9112558335,qeevi
3020421889,jadmm
8091007232,mfrxv
4523247020,afggt
9234075965,yzzze
6976514007,uwnyr
1651800563,dgmsr
6869925144,rvepp
4347024205,nptiv
4585186812,qpdli
4683789202,tbsxp
7465400296,nuext
1187042850,bysrj
8928759945,hknlf
8538691052,njqdz
4427206766,koqft
5457778621,ngoia
2941284642,tiefk
6220078674,knnzx
6433401312,feoqr
3652572475,tebfk
7310820759,shojl
2055600039,mpcnf
3631989447,bjghe
7240413854,qhngo
8771477232,uyebi
9706962165,vveoo
2767275591,cmrhg
9376593834,psxnc
7857062151,hlqws
4382809853,gumtl
6020538354,ooffk
5086385075,wkoqc
3867219314,dcsla
2180102195,ztoqn
1773534216,nxpbc
2251948433,wpukf
4657470731,kvwjf
3415104078,tthds
5397659202,yyblm
1975126000,gfnig
2283445920,smkst
5267279632,pmwxf
4394864177,fqrjw
8665668398,irswm
6703119507,vlbrl
4446504334,tjgui
3095200436,aqpku
9836737817,aonas
7325705558,ovvax
9199497809,kgjne
9757071954,bqghw
4570092944,zsgpp
8206586007,cumiq
4234594505,zoywn
6572157849,tqkfj
5604498276,ejstq
2866854547,flydd
2609394807,zkjqd
4383222467,qjqif
4825550324,jvlew
9582919527,vivby
5262241411,tvvom
2379189981,uzrnb
2079464101,wcgsm
9467757684,ejoyz
1513844111,uubmb
5210063821,tspkg
5111553137,sbzos
1219841976,qcvvw
4649508427,hhjjy
9352425228,riwkk
9537046078,fpopg
8713516155,onhvj
5908922439,jtjkq
9259485067,lptuq
2324573849,faabh
5962808972,umgxq
5226584746,pifdu
3168769538,nsqfn
7660648829,kkfqp
1486073424,lxrrf
6352430427,fotbl
1191615869,yiirx
2383134392,fpugu
3878912894,lobvb
6883007186,faooy
9307315888,itckk
3486284932,jqaaa
1138311495,aimbv
3819690176,mayoi
9545686682,ypkng
1451917750,lujqw
3990401572,metqi
9266839778,sukeh
9557470941,nivho
3058591466,wvvnr
6340550892,ppoqb
9785109467,fbldu
1571259079,gcing
7292755594,vdcti
8231434919,ujich
1396169550,lhrga
4371208643,ypsiu
3135394011,yhmcw
4269079164,xfive
5879990029,gcgdo
4931936192,dgely
6339618523,kijpe
6299407989,wxwyh
3033443390,mllye
9233843912,qoddg
8634417488,kstrg
5988088100,achph
2469351718,wavnu
5315128458,vhgkf
2394050674,wcezk
6693858746,knnui
4834652126,crspg
9858442939,nuopq
8319064053,msnkn
4699676186,zhemw
6680766483,tnfqd
6666680444,czohh
2649647301,jcfck
6212280223,ewtoy
9312177754,gntbd
8664922695,owtdq
9083068307,xxybi
7272144121,ugkks
1509058587,tympw
2842490811,grosi
6410109147,mnzpm
9246658712,qckco
2716349161,katje
2292258881,feucq
9115887723,xpujp
5638116348,kbizq
6006276146,lxbht
4034425472,umzyz
1852548972,melea
3761712692,beeyk
6253238675,eviys
3443671638,ylels
1463535325,vyuot
9832361842,dzdjs
5978325670,ztfni
4814545477,vpyjl
8560904316,pdrbq
6464604210,zjygc
1025004853,pqzco
7607939119,nakpf
6680940754,epljq
7526341843,xnfcj
4294103659,oiwmk
3286315833,evqdk
1867154554,oaidu
9241674321,ivhnl
6367338752,tugxn
5461064511,aoksj
1856181122,wzvha
4742564289,jcyqw
1597111212,osamo
5676212414,tnfcp
1217608464,xhpix
9036193799,pwksw
6844185692,nzckj
9787454374,sfdjf
2393903188,iziau
2726099227,wxlli
6191386542,tqdna
5732147916,ciexe
9693539006,jkcio
9692776499,qqobh
4353538088,bopcg
3777398827,buoyy
7872236943,egwxz
4031285552,uuhvq
3048550801,fwqpp
4656521451,qurbk
2023631025,phlge
9912691340,vrdou
5650826946,bqrlt
6154783150,dgupa
2348951862,aruyk
7783757396,vvwcv
8779195059,lhptd
8112344544,dnulj
2624081110,culmm
5129857126,uhsvy
9457646827,kcank
1290891455,nsmof
7038631221,jyzoa
5025035518,gsavc
7992563324,pkouy
7424650141,pzppc
7031902308,cklgv
1565111220,tmhuh
3887013151,wioar
9296341734,vjivg
2804760126,fsedz
3395083875,oawpw
7818564613,bnqit
6379732422,ontrk
4313386315,sdelb
5819120325,qbfti
2841023268,mfuxm
1134680131,jbtep
9670335890,uypph
6528265276,heoue
4697406968,vyuah
2049384399,hripc
7095901532,oqdsh
3296481758,mqias
3269578452,rnvij
3936386079,nyerk
7159498994,tzdzl
2552932676,kpjfq
8359618652,djpkr
7625980188,popec
8182366782,sgbyy
8248225280,hpvnt
5710283641,rokmm
8938736001,stqvk
8425621025,gsfjm
6389238023,rszfe
3590853800,oywro
3206946028,ahlem
8797301947,gnbnc
4741143900,qazqc
5335895299,zzjde
8413049763,skvza
1462539193,trusn
3435430854,lypoo
4849254675,taaid
6205391904,aviww
7875431447,klfio
7145038204,iktiw
5594368643,eqztp
9879048893,hlznz
3449221458,eqqik
9337799143,efada
8587158899,ayogl
7302760877,ipqbt
8408425997,wkfxp
5197942751,klpzl
6678347126,pvvkv
8543591881,wcrbv
4735774768,wejti
5653053162,vbsms
1476929453,taoey
5653591160,cvmgw
9766661371,cquqj
8048083891,lasaq
5684104820,ffzil
2006997222,nlskv
2234724243,pjxgi
7622753950,sajbg
2924168790,tusjs
1023542119,rrbhl
1382732409,dcmqr
7521332330,cjald
4326672254,wzrgk
9631655850,naemh
6572281704,qpgde
6624780967,pxcvz
6973326652,crobe
9048505123,bjooe
5266793594,izdpk
1730305544,rmvcp
9120635809,pezue
3245498601,qdzad
3518890906,ausny
8084145382,ywfpy
4240414847,sllqy
3059391480,mmaaw
7821635281,hadmj
2497183354,dtshu
5215726884,oautt
7441804700,ywcxl
3058215067,mnkyt
8300662485,veugh
6302654311,afnuz
7634702416,cuzum
3707067632,dnhmn
4667402117,pvmps
6293095961,ibxpq
7787667137,bkabn
3591433647,cgmif
4587507903,cxnpz
1945178697,futpz
8494563426,efzfd
5345440862,tuoxo
3395566383,brlnj
4354107682,ctjbu
6083486903,eccqt
1991866612,vkoza
1659881608,lgfrq
2380879595,qfndb
7231647017,slfgi
9905616807,dkykv
4477412426,vhovi
5360295382,ormxt
6165442470,ncscn
7435261602,lspmx
4903261079,jooig
2915466412,khttk
2053892528,afxsa
5769798587,cbecp
5021517794,vryra
2637837641,vkcet
3999842365,umnzh
4204511380,ribqe
8922014295,zurwl
6117635267,kxdwd
7959832311,eanqk
3341232693,fzyrw
9831473763,zetab
1149340078,luqsj
2620100052,axxyx
2014397785,jcxdl
9730179911,sqviy
9694586315,ilvdn
5765057258,kvvpk
9935460319,qjesf
7005337595,dzcpx
3983746795,xhich
7771933439,rwuzt
5301879454,qupao
2794733935,qrznu
5888043431,liksd
1245731241,ivsff
7676463284,yclbo
9032887710,ozbsz
7476334025,xpbod
4779370716,rcxgj
2967529488,zzrjq
5656166773,yfwbu
5105150501,hahvl
5370292703,otkua
5805988865,bndeh
9843251371,kltzc
1310745936,nlhiy
6972276524,vtrbf
5460153306,nlyfm
5506107441,qanae
3889238616,nsbgx
8870176415,utntl
1263475788,piwka
6939495325,mxvsf
8454321371,akmyw
6985551408,fzpkd
4684340345,tffwt
2695411852,kdomb
7064879140,trprq
2982293634,xhoic
7023711216,gbzno
7861017917,wnpbn
2479842439,rvvyh
8296135519,fvrag
2812916178,qvyml
3639017186,qduzw
6097349372,fntik
7146439738,rvaai
1782149900,navcn
6783498853,bbcek
3842773563,degue
4956517966,eaecd
6197333977,todcl
2481196025,lqtcd
4525809332,ynboz
3255233775,sunzm
4035299036,zorap
3637369910,bgcfm
1161884841,slove
9071714339,gfrtp
3274891094,vkcex
3701415496,tortf
4781058753,dpvhk
8785299518,mlulj
4814808404,jfzij
1203005973,pfqqp
7542207597,dbdxv
4377325862,gyyro
5189031228,spbdo
6254554775,tyrji
8982195116,qikcx
9628798733,siuau
3912749780,ymxwr
7638281535,pmvsk
3577613915,brugc
6434083002,jrhaq
8566685481,fwgcq
8116146230,vhnpi
6947533426,aupoe
7958496620,iyzbu
9447923985,tyrso
9326755833,uiqfb
4784617905,amofi
6051222156,wzqnk
5963444954,iltzl
9172093379,zexwg
2917308824,dgxwr
2589477189,xqent
7199400547,qnxah
7072548504,zfjfr
6997124940,ibota
2546433063,lyeax
8008331684,jmvxa
5609885375,glnwo
4321106870,cclqt
1228724737,lwoah
1366860481,mwjej
7484408443,fqjzw
3610291807,reoij
6534723337,gscfw
1551324844,qpefl
7571043791,vhnft
2741449330,mehot
6776886668,wvorb
4043337362,fafcf
1816855514,spbvo
2958457918,kcrhu
2547636360,tekok
3488952631,ysmyx
3059190782,xuvqa
9213655047,qdeeh
3735673328,lxuiz
2458082159,vxzqu
6328915961,wfpjn
4837007844,jbmbt
3627132809,gqkud
2409963270,xjzrd
5639992370,visvs
9979534617,judgm
2754572600,qeeuo
7845911436,yaoxz
6728882493,upfad
2378510356,epgyg
3532225885,ftiax
5884991945,nyhsp
5219848465,jgtce
1858015037,pnlzn
7230679248,ozysl
8973490130,gcvhh
7474057410,pcmqz
7143491443,ktbzc
3289032273,abetk
9507885882,gtyev
9416336047,llqhl
2352250292,qumoa
7835808982,frrbz
9702750944,mbndb
6451702192,civuo
1708503926,hlupo
9105409664,pegap
7048774149,lmynr
4068478057,qdjcf
6964311543,jfxdr
7944071331,lkfft
3217977723,jftbf
6973135906,dvucd
6017505997,wzbns
3913445690,qctci
6976517722,dbdta
4363499665,wmgod
5429998319,bklnf
3624444705,arzru
7776072616,nwazb
5958420302,mokbh
6890602503,fbfhi
7823790202,owwdo
1928114189,rszxc
3287368912,ajnen
7798573337,sjzkp
7859695338,qxlnh
3779016755,bmcmf
7429693756,ftaqa
1486777549,rilvd
3723400565,eggak
7457478239,kbfeu
7968114801,nohtm
2929815235,tkgeh
7819633954,epaqm
9477391188,fkplk
6423133532,lczgq
4746775767,jzpsj
9062130496,kcipv
2140045995,jdbet
9339293811,olbuv
5069231296,brepy
3721207738,abvle
4039601838,wrjka
9605435579,qelgk
5743649647,qbddf
6353752514,oyfcd
3754563703,ucmsa
7343304895,kodhl
7329880119,fpopm
3497134445,ysznc
4269447601,sfohc
4994211814,gqife
6975112025,nrzbo
1347417355,wnjvk
2414924582,ebmbs
8684212273,jpwnw
2437130448,gpthy
2685242411,rdemf
1898999540,rxhrk
3011177866,klhlf
3217210178,ttfbu
4773446041,siwyu
9569142677,rgapt
7130322543,epepx
6791179351,kdrni
7654785807,fpeug
4647177473,djzcr
9639049736,asuqy
4070958479,ysiik
4652846619,zavpu
7894296853,dorrg
5405114588,hvvip
6339346194,hvzcr
8790320591,ugxen
7017895100,mzhbo
4739519950,qmcnk
4784757767,gvbxh
3892294576,gbuhp
3210239900,vbqnx
1750295521,kmusl
3706034609,ikxvw
1237081477,jqrct
1896504871,lyhsl
8722130348,rhdpy
9017608351,xibii
1406117700,shbqa
8909274271,fomjs
1575107266,phwhg
6008926128,uyvxl
5937114348,xakcl
3619495855,unfmq
5281971469,xbkmt
4917097667,vruni
8083338963,yyqqb
9462226841,rvfxp
8102914876,lthse
6422405204,nfdem
9241556476,mwpxi
8403069961,ldhxp
7812303789,aptdl
9392077881,xmygx
9772293816,nxkqz
9655117938,iwvqx
2484925989,munia
2856004152,gncuh
3271874454,qkgdf
8272513540,rqtkk
3163647903,aciue
4160273087,kdjxq
5307588780,dhskh
6103206643,qhwtd
3445573230,sihkh
5962350930,boufp
1543133766,mvmqg
5675076359,plnff
5883146678,alofd
9407986774,iytth
4927629789,spbcd
5909349768,yqavi
9879133848,ubwdn
3645862717,wtszt
3639229389,jencx
6702865761,inpwk
6061987095,dejah
9554759151,uvqsy
5615488578,aizdx
7770383938,gjjvd
2808357030,rogkl
6582482517,jgkme
4787859349,djybj
5992035328,hwgdq
2929537903,sxtxu
6429404815,dxaoc
6127582518,hngwu
1622474206,igiom
9950853762,kykaa
6145185832,zztgp
5732654822,tdqrs
4248692627,pptqk
1178185773,ncvhi
9839508674,qmtlg
9498643005,nlmrz
1996804160,exhmq
9206557617,qnual
4747860020,libtr
5241145056,opvue
9529202952,gsxeo
8144123842,mvfmo
5697035149,haoih
1400038499,nskut
2858115211,fmruc
6341404535,oyvfd
2584503176,jtfqw
3631799202,vibjg
6580935392,pipll
4373132775,bmjew
7829311559,pszwp
5292138186,zmbnz
3139584152,nytph
4378270433,jksso
6428181506,yaucs
3337453615,jshph
6119154085,twjug
7647026170,qllzc
6318168042,hwrms
1187345159,idfkz
4736326751,bkmgo
3813493685,wxmwi
6192744539,pcxhv
5079788040,jhalk
4379847005,vobou
7777294239,jzspz
1145523971,xeqmb
3520527419,nymrz
3609084916,uazsr
1325595575,penpr
4585397362,diywt
9035654695,ehyfo
7532953049,wrgsb
3948951567,cblbh
6615203456,ibiss
7968402902,tpuae
1293826456,hgntp
8013578529,fcgrt
7483504208,neiiw
7319166229,frokb
1989627175,swwzh
9246914227,dvceo
5122530240,pyfqv
1456026830,jtooa
2084274006,gufsk
3123656012,eagmw
3407194068,fydkq
7803747301,sifks
7882934715,ktfia
2115328483,ipwbq
8240037063,kkadd
7705805873,ntuna
6844097038,zmawp
7427342559,dhhzm
8759735202,phphi
4284068998,cbvna
8229741982,pborz
8309686062,ydvrn
3668077658,mreow
4679991163,mtrcy
9119421680,lajkl
6500774897,mmkdb
2518136357,tyhjg
8323884375,elwlc
1054983898,tewof
9167158756,pbsnk
5548729159,rvisb
2126290357,cqfic
