9794922582,igjkc
3556224529,zakoc
5453444626,kfisc
5274043219,hsglz
8891229348,oaksp
6756314515,nlkgc
4908958932,vjuab
8150549756,cfkgv
4220156786,wolog
9579023775,aydla
7569765026,pqpla
3919879824,etuel
8954082064,xqpdd
8635085126,dndlb
2031789746,xxpvm
5727299990,xoprm
7604965241,pjzcf
1011011326,vpcbc
6384643386,oovkv
2690711506,wivua
2428146618,gfcfq
3359044300,pdfxu
1427174366,vdtfi
4827421056,qpprh
7822986752,rnxoa
4708057425,nskrr
6933776777,cigtq
3456923804,dklhm
2630435247,kcymx
4020174032,hrkuk
9798820307,gwbyd
1652009927,iksni
8817173807,ppwzp
9915358105,yhgwv
4630726229,beikp
6422480971,celng
1476705656,spuxs
2549505972,ojqby
3058336938,agvvg
5772426563,ozzdl
5098811029,junxy
3127276516,unblx
5497755842,vmscl
4838862716,yflto
6191447117,nabcw
5665705003,fqzdy
5628686223,iyslb
1491967523,xofmw
5611426476,mtsor
4911987810,ppuny
7341130264,umhhm
6772704739,tyzbs
7426017270,zjnvj
1725787669,viqoz
6691309085,uxdxq
7542091355,gedor
6941790397,fmfwz
1670679541,mvcwj
3572274159,ovkbd
9156045782,nusdz
6791181034,ibhvp
5737025238,xjjrj
6295201254,pkydg
2387503832,tofon
6411058048,ctqcy
2834211869,uadtf
8373860420,xxokj
3313227203,qpbvx
7856348311,ceani
3845680294,kkpsp
8119069018,ahjrl
1906884638,fbttn
1476051835,zkybw
4622641708,gwbnk
8961660297,lseqj
9268763007,tprup
3749025454,leybq
7608386583,dnarw
7152153098,gpwfq
2710676272,zymrv
7346026399,ocark
3107945457,zstox
7130096011,xzdki
3032995621,fuaap
8934895106,wkcnp
4065137810,mfdvr
7594780166,vniyd
4638463473,mqxmy
8250977486,znlog
1288666688,ltjsr
1167955220,tpbbw
8542695058,mwhxb
1603881793,ecrhv
9331650684,vfvtr
4016063369,tnahr
8630686416,vyjci
5707528179,mhxqw
4497155076,iwqtx
7333823478,sosyg
5381976225,yykzo
9539894774,qbzxe
6285747639,ufigy
4692039105,dhtvq
2120528498,oaehz
7295721518,qitsk
8401669222,wtpuv
9361024229,ysyme
9843895664,ldxsh
1205805283,lebwq
3832544845,czbbk
1039365645,tzhrd
3923277076,bkwvc
2543113869,okkuk
2501417651,rzrrv
5165116909,ocich
4010012640,xyipr
2450330782,nyqrw
2697978931,qkcou
1206383649,qshya
7345874767,xlswu
2750481204,ayzbt
4206232577,zupjv
7443208810,lapwp
5103017620,sewzg
9248362139,bjzym
2948083715,grkjd
8780399497,ojjee
4178405382,qwxrx
6470398427,rjeuv
9441216669,zwsfc
3544948972,waxxh
6533174640,jybxv
7664075924,wpagz
2007716439,kwako
4396641829,qouml
6665095645,kpqjx
3763399112,qjwtx
4060234323,qjwzj
3838410729,vkjhh
9650722274,wkgem
7599490141,ofzth
1445930485,anphs
5113979449,kzkzq
8673236848,rexsu
5668519912,nqnud
3674272548,bkdle
3156097638,ohcyi
2785236936,wsieh
7257491819,jgtyc
6812781862,apals
6263842618,fotdj
1812249744,cfgnn
7599199019,zehth
4846028612,ntfny
2032924788,utkig
2089331173,awqum
6004843253,vvnya
4786616791,hqzfz
1900331546,xulva
1217142481,coore
9403269199,fcdqg
9578209129,wulfp
2083696588,bzhsp
6675542359,prtac
8705651413,exody
8198796500,pmlma
1904871346,txfkk
9127872948,cfwjl
6217856148,npytu
1368642762,zenai
9930814034,pmppr
8354968774,nebas
3831333032,cgnci
5130722058,bzbsa
8839375603,sjuuk
7205236087,pmnbm
9151693738,owjkm
5130872221,xiaik
1320895482,tuits
4161599268,xsicb
3406856610,yuitj
7724905779,oltke
7871228515,srvtb
3580692125,ftgcg
6356643884,opzdu
8470224965,jpmok
6199141873,mnrzx
3727419866,fdcqc
9964501645,tzrkv
9144970399,hefpu
8185133197,aiptx
1917511564,xzzvs
8529061590,pqrky
1080504440,afbli
4561339831,amomd
5255615357,qgmut
1958451143,gghwv
9941131537,kcqmv
5586166118,ujrtz
3854568572,mfpgs
5462473245,idnop
1950723944,jfcoz
2752225896,xtvqi
4367532803,wqttf
4997690222,efean
8533310038,rhffd
6853399245,lzefn
9583079373,unajk
8086810049,iqyae
1687171952,xvfta
8438706244,eqtsp
6556188741,iosrb
1589983924,bpvwb
2005475495,afgvb
7739319793,uhxqi
4261096153,gvywo
9976016462,sjozb
4594763056,fhifj
5790093655,dxenv
2192168523,yigjp
5947508987,unnek
6176058236,edubi
4064242027,lckcu
6066426797,gtiwk
3977046664,gunwg
2258411765,fcnzj
6928308574,fnefr
4861826665,eedem
4430305006,zjpdh
9744380389,bhaoq
9313248678,udtmc
5112977900,erozn
4889502620,caxfq
2500282151,mqvrz
9756748195,zmwvb
7311198895,zmojn
1783868765,jatcj
8922494798,ivbkd
7207890990,uwxvl
9505460688,ossaz
7394551143,rrgxi
5279228154,ngryn
1059034319,jzpfn
7289273505,rsnjk
7711486598,avhou
9439971912,pxsfs
6262046202,ptihe
3192110968,nyktv
2047115420,cjcuq
3376475674,msnvt
6976943558,urqpw
1064456677,cwlif
9437421780,ipfvh
8165345829,zmpac
6454620507,wpwfc
5902126658,enywy
4149390688,tkvef
4952654132,ftyzv
1916071572,ladnz
5777016695,thcxz
8949055977,bzzfw
7908610606,lkcfm
1219576736,bmqza
9025635274,wkegi
3406756993,nsofe
7781072711,yderl
5947132702,tfgwp
4196944273,bhrdb
2254255276,ehbul
2385041837,aclrr
4958484250,brxxj
1342097299,vpslm
8237235087,flkes
8826892852,mlvvb
2100942528,ihtkw
1692027312,yxdrv
2520609774,yjffk
3480454688,zlyao
1648912383,ikbmu
1013237162,aoway
2991254661,zxapj
6051126539,yrtql
6662754312,qlvlr
3429159843,evqhx
8771144411,lmgbn
8603488911,jpbyi
6027110885,erywa
4669746672,qfzlj
8453793929,fmdhe
3540781922,hwshs
7612234082,fwwjk
1338114101,jhggi
3887906754,xldkf
6866619435,auuwn
4992432728,zhxpw
2751224240,fphds
4847586417,clsvc
1992295842,jfbwh
5018946189,wtzpj
8876789332,oysse
7741299799,nkmcs
2929491005,cdcww
6762019829,cbkqc
6786094853,kjnba
9283920170,fgkln
8209744151,yrpox
2233690970,yxlfg
6919041352,ifaxk
1608434790,ypgnj
8673546255,fvafi
8015088876,ibzfx
7039256890,ffbab
3718506338,sdkqr
5002059280,eokfq
4866665952,cjfcj
8877380824,kzmvg
2627132478,eeiea
6841650353,fmjyq
7960406791,sisno
5458109853,ldtvv
3308060085,bhctn
3566736119,rreiz
1755956611,adjuf
3776135948,wcigc
2068081163,iryot
4423307072,qvpxd
4476228547,khgrh
3474762541,xluet
2519091187,lvurh
9172612457,pqfah
3011291360,fvmfz
5638300983,czhmy
9302685797,jremi
7336984345,zyxoh
2036089328,dhbib
4033672895,wljpb
3520843624,awqps
9928308568,tmmgr
1422792406,zdtnz
3066952808,mtlox
4088872295,qfjyr
9181412675,cycve
8513965321,tzret
9944121190,ysnyj
7729538746,ngnfe
7587002794,xwsgv
5580056846,tmlse
8272767068,ulrmx
3272823780,vvnaj
6529522497,fyjor
4478203530,saujo
1691030475,hrrlp
5646030474,jlsxc
8660161578,mevno
8443138616,wjyfb
4491356284,tksyr
5494933564,ixkir
8994043505,rexfn
6277678154,buzij
4891424006,kshjq
6549365312,qgexb
1416784082,rnhus
8769463277,mljsk
5935358963,qynwp
3368400780,ihovw
2685649067,odspx
6260397607,hoagr
9333263649,ikrts
8105956650,rqrba
3892750857,gavjg
5655279887,jzknm
4936285700,qtkep
9340818084,ezbgj
5750978856,slklf
1218546470,kaqwp
5981026182,ugrvg
6516555374,rhwnv
6305772083,qfxrb
6475011183,tiwae
2520916281,nvemr
1127401328,siebg
6354282375,kofkd
6902961379,kogjy
5202134559,imljx
9307716417,dpgsw
1670273691,chcxy
7981837685,ckjqt
1367982679,yfmom
6182114683,jpxou
6738832372,ymvfk
7103266425,mrdzx
5338130761,oxemn
9215124978,fyhar
1830958862,jdrbf
7282133052,whvnq
3584516120,oewlh
6147715109,gabvq
5318488632,jwwuk
5208396001,qddod
4231616614,bwymj
4483529092,xjsdg
8060333156,booag
2011322301,ygmcq
3367498261,jcmsl
4571989415,dgyhf
1585141288,nbfsz
6939954271,xyyuj
3077889331,uqdjc
2134272549,kgqfs
5363359499,uhbqt
6062540240,pplqi
9883811629,upnza
6149369584,frsrt
1627663746,jpudh
7086837427,qiwhh
8960193176,qbuyl
3852286282,youyu
1231930409,xukqq
9667914203,epfzi
7499269304,tbfia
9355008960,oqmjd
8744738411,sbvyx
6981771451,mllds
3253281119,icpgu
6424689892,syycg
3881016138,kutkf
4193026990,uibgn
4690429933,fbswd
4779151747,vtfcl
9104794771,ygjce
9946627932,yqyov
1462945058,hapoo
2400840464,ilunt
4670820112,pycau
4615570995,yksiz
9961293821,scqvk
9824307249,mcwzh
8990878997,orxal
1885579264,yevnd
2112590376,qmsfk
9931481714,gbjrn
6798405189,mnidv
5266178738,ivrxy
6803337962,gmepw
8225891234,emuyi
1839507959,ffxhx
2866990295,cmcpz
3976896819,qhwfa
4296872159,quiui
5426623980,igffm
3870045634,peppw
6058953473,cxnqi
6757232024,oiktz
3928909818,ekfhc
9341288916,sxzcu
8701884539,rtwsd
9156065475,mljjv
8226349876,ldydm
9906635875,kcbql
6676037143,fburo
3508529341,uuidh
3744372924,awmmx
1611834023,utssx
5685753369,emcqh
6474139149,mamnh
8168929580,rtckv
3459917654,kzhxu
7331970002,vvxfe
9973041814,eipgb
7479042985,dbwkm
5694681807,xlegd
9857912827,ysuzr
1978639694,bqvsk
4226503851,thunr
2369162275,nrjrb
3164396383,mlcve
7461655818,arsmq
5357047176,eaiej
3775938317,qcdfz
1873772824,sklcr
9223189458,ykebj
8758631006,hlxhg
4890890162,pzfeu
3003408340,ezydp
4731565585,whauz
9558280099,lldzk
9618537184,ejfxj
5095031297,vqjic
1365189576,bogmq
3532554882,yhxmc
4911190678,dqzsb
8063384420,fcfdn
7025338651,xfmqo
6896010906,gphxv
7934447348,gxazh
3803325651,cepqs
7930107950,jsuuo
7140966552,gnmkx
3871026215,ommpt
3155976762,pjnwo
3321636430,osdgx
6533089471,alqmn
4134774490,nnrmu
8408669394,cjzlo
5122772719,ovymx
9057506771,uesan
1091175105,puinz
1928079140,iszdp
9794162645,ksnwk
6033966916,owhey
6974583504,joayu
8251189701,vfkoa
6344257872,wyumc
6196192085,addob
4919633106,dyllz
7879853986,mnkww
8223737721,mttvj
5083789980,bghhm
2222757001,sqbih
1791908999,jxvqw
3546453583,mujgw
5806109735,qmchv
2325516600,cfjkf
1139297827,ldcwz
7177812783,bllpv
5769892923,vfsjd
7462297278,wkleq
5498112847,iplwx
9001056277,odrrl
1013987915,nearp
6820227438,mfkvz
1573903623,gvtzi
4708170081,msesb
4844661859,dpuma
8931528807,ccmnm
1165937301,gexft
7358666259,greqt
5127939849,obbaq
9601291990,usodq
1945216562,friio
1146808248,svfxg
3616125689,szczg
9202930300,sjnzr
4812593054,mvuuw
6115570504,eztsb
1468182534,gjdsp
5227209823,vwfqr
8666529290,qmfbo
9165646943,izeel
7933782223,rphhd
1538460449,mmcaj
2092915938,eemai
1558267853,cdngm
4060852245,pgyiw
1536462860,zsanz
9774842896,zduvx
9953039144,fvkqx
1788366793,ogrwt
2174478209,izjys
5418610487,dtklq
9527374944,ihrps
7772205039,cahnw
7482600492,abqht
3085969457,oofzs
1107500742,quuuw
7044877902,nbqga
6117381347,jrgbb
2725537517,mgydm
1639725848,kqsjx
8614414785,votzd
9526603896,ovkjb
3395605704,iqkjk
2513447046,hoewi
8691688369,kbrwv
8791985399,frvjc
9569975994,ynxvs
8107856153,jhceo
2363387021,kbwks
6718294511,qmzlj
8431444999,lwtxp
8962522826,hesaw
2147049097,twvmq
5751342531,edduw
3442152300,lzhzh
6101889113,hfrzp
2182196500,wwxxk
2639890867,mplrr
6239352025,ckwnm
6847226128,potim
3595180029,yvjfg
7301632364,zjqas
7210903963,datcw
5881526811,thnin
3797265044,jcvhb
1431887700,fztpv
3312678081,mgyus
3188215552,yaphv
9342261755,nasal
4939558836,hyevd
7479631067,tiejb
8645194614,qltrx
1636555307,rjhsl
4311071804,cxhtb
6907110791,ubdjl
6022231493,aexrr
3238384361,yqjde
7838664472,dgasi
1770954248,vuygh
4056640924,ocors
9432697209,bfejd
4497265006,vxfse
5135119466,jwkrx
5694454438,nhxcn
7055570134,olnkx
4615975662,ykqkj
7844646801,ajzed
9550839889,eiyam
3338657058,ktyuu
7237875193,pfqzm
1575258645,zcqbr
7135210649,ktklq
5218505976,hxwuv
1316125763,fymbp
6979243972,vegbx
5972901413,oftdh
4690485528,vliit
3566505475,eqerl
5185026526,wzoub
2355789996,iezzm
6427343690,milpc
5379844411,shqdk
3004938552,vymys
2075932718,kargt
3521653228,lpogk
9374632399,honyu
4862821483,zylgh
4920329672,itohb
6437630410,vutfu
5615128509,qpcqu
9292615817,votzu
5781484038,woiqj
9420611832,sqagv
5175998993,rpcmq
2144094356,sbmyf
8493959775,oscov
1239350053,sookx
7291038731,ihbwg
3332656800,rcywz
5245292406,gxhcw
6491096369,ddbij
1906124833,wvqli
9481084557,fldnc
5680295894,prqxh
9966449598,dxish
3490900617,davpz
2579890997,lopeo
1305476278,obqos
2095685423,aowjj
7261246693,ggmqo
1300458851,oqgvh
6806556894,xymxv
1834197962,whmdg
1859123936,vnqbo
3738442067,ptpkd
5501196192,vtmhs
3358640898,wgbwc
7643847843,yrdmf
5498399331,dlqbh
1289128541,vtipq
8494945168,yrbeu
7261300690,rduyi
4160608452,lfxmv
5786124393,flzzj
5690635998,fkvbx
5563673965,vwjyc
4082284203,gbunf
2892453938,ofuzs
9062514934,mosbu
1328290823,kzhpo
8147608800,fofjb
7416141488,ikxjf
3163063707,bbbqy
9136331244,itolx
2458150961,ullzv
8069900590,bnknq
7850024242,khurq
3006711223,icpup
6684792932,egzcy
5518395120,iyyyg
4481146166,rgtif
4274573287,rxlyk
5451927698,qdeys
1358950500,cpgnm
7993249242,adyrw
7198977301,qoqkm
9733351503,gakog
3131050765,vhgig
6939668554,stasb
4999697909,tqkgb
7972085055,xvizj
4215501737,ydbnt
4711644716,iakfm
2652641521,abxyh
6048480099,sfgly
5478403569,wniyb
2148647478,jqicx
1758536045,vibsc
1737175968,zejgs
5989527450,vdjwn
9746333992,xzvml
3197023101,zsdfj
5506290208,nxbkq
3855108082,mpwiz
9219956987,yndsz
8604553183,umfep
9471033861,ppsax
5550753244,jydqi
3736359598,avwpv
7333075676,oemrc
7877090490,yieco
4192805212,qrwzu
6268123009,idjnt
1399836514,xtumu
9309406577,kwirt
6171583784,tdgqj
9082574838,ybvpo
3950322059,zhyym
7549490576,rhaup
8922095559,zoswu
7621146510,husvc
4061791111,yczut
7905395287,bfscf
2647630103,fxyfe
4310428782,ggdbs
3852274191,xuvdi
7644369620,soqcz
2344366516,rtico
2262207415,nhwht
9301231546,lmkyf
4725443636,ahcgl
3989295591,xgtta
8041378288,uhszl
9631433244,ktvtl
2724426552,kpeeu
8239195652,sietb
7459800588,hcyjn
4636331525,cxgqt
6117904167,eqlhf
6541388323,jttyx
3049898913,agxln
3361485747,uopsm
3155195305,zjxnc
6232921759,pxicp
7286400235,vjcfc
2852510566,wvddq
6082493199,yyinl
6203988231,irzsa
1246009050,tmbkc
3038987633,caogv
2768570238,jomig
9119724950,btccq
9827559047,juphi
9233949943,wknux
6515246297,cxrnz
2328122602,ddttn
2454024961,hsmee
4640326135,fqbpl
4446371351,eeszf
7739366513,juaqj
9381915088,vsapt
7517822006,gpkgf
9857904230,ytpsd
3447349180,zvlwa
8072615235,dkqhd
2154826774,fuetn
1865702674,esqto
5847096732,bqhfl
3578179671,ddbji
3141599783,onkdk
9876252716,krjog
7017014703,grelm
9890067032,qgthb
3702367241,lpiji
1883877773,kizeh
7349639453,mcjoi
6888997601,lebbc
6813870823,tazae
1111465370,fhsjn
6226338661,jwdrf
6076808251,fctfx
4372385042,difjf
3684127171,brdgg
8625535474,wdgon
7014684878,torkw
2773755246,usedy
4937342484,oghoh
8104053288,lhtnn
3407797131,xuisz
3770881489,ndboq
3528316620,owvxm
8050212483,xjjio
1748633022,hxtjx
7724215946,oqywj
1220481043,txqsc
4809719027,gvhis
1478471649,fowjq
6805742441,andrz
2368227502,olnyi
5083494748,yqrrr
4790256428,osbjh
2881998011,fqgbn
9524433993,rccqy
8032383663,swurd
6167375856,ebwit
7491161331,qglug
4743341015,wkumo
6262082207,qvoes
2773246962,uxonh
8503872730,iydfw
2181369439,mokya
7123119109,tzcnt
1133624260,octwx
4231712533,pmkxe
3971198024,guxth
5490911546,szvqr
2762620741,vuxbx
7404747048,szntk
3660674874,lknhs
5089956238,cexls
7342610704,bjmxj
6671731462,qroek
8174092798,jtgws
1032896767,gtvmn
4970190004,rgcag
5789904530,likte
5767954836,paixy
4501493694,bgugi
3952160154,kosmu
7476069535,jtifs
3541881208,lfjdd
9849772855,tcrcg
3665662238,pwcrz
3003515854,wwirc
5262311665,gfqbn
7840776756,utwru
5822224862,ijwbu
9022747370,oiazn
1652653382,rcvuc
9886289577,lyzdb
7560166418,wfcdd
5291851140,yamnq
1223730228,mizyf
8771897891,qloet
5278091599,lbzfw
8732579400,zhlnv
4559383743,nlesh
2846549507,tuzlz
1765309183,nazfz
4173475937,vclij
8553621538,zkorr
8521184372,pcnkw
2956262342,juzrp
2956073736,ltawf
8352251793,umbad
7685369919,qrekt
3219062352,dfmfs
6165242501,plkir
3888956264,vahii
8457327823,dyhdz
1377796670,xmzsk
6147913872,immuh
8148969603,szfnj
4079938335,wcmad
8107510743,saese
7283865767,beggp
7449531904,ejrnm
1406008744,dzcov
1137083192,logmq
8942531473,wyooc
2373887244,uoksx
2191035748,hxzqq
2123199843,fpzav
3485408879,ldcpe
1174959903,oxbwv
1744039493,swinb
1206893409,steos
5802814387,ygffy
9290751825,rgrcy
8625769826,htfes
2340908616,bvfcv
3962876202,wmihu
8913416384,hrzmp
7421685294,wxgng
9586710570,jbwjr
7889438453,utnna
5168802328,zkrti
2500548859,jsjea
1921243433,rawdo
8858414924,fjngx
2184967604,logcu
9247152808,pyqum
1890541606,vimja
5816355060,okdjf
1072068064,sgbrv
3926849080,iajwk
3946834494,muywk
4868143932,ziisq
2680268968,lrgqf
2218383562,mvjox
9952796288,ivxdb
6560599500,caolh
8510649612,hnyaq
7562392614,norgq
9137100543,hqhdv
5065063276,onudq
1292247874,dzuzl
7168487047,linqd
9195175388,yfmud
7378342277,ktnuu
9434405610,akmmf
1576801754,orwei
3313834114,jdmrr
2337847308,wshkd
6551520930,hzmlr
9811838105,uznmm
9468305230,euahk
3233747485,yxuln
3680592527,iiggl
4070413094,ivvuh
5102644871,cisiz
6221392309,hocmc
5271351101,xjtvj
6187235229,ilqhy
4115119346,tdoqc
5649528210,qejto
2850307299,pykro
7707757922,phroz
9960254545,fsftv
7028188642,mmdey
6094496624,xfscr
8158985834,cydfz
2960034565,zqxvs
6356154429,psunh
6397720478,zgluu
5649696313,shmdo
1987501618,mpbss
3628512859,mgvka
5251569663,dfxrp
1652641681,khdtn
9970411129,pjgus
2496487132,chevk
5485115647,hxiqm
7802284832,lzjzt
5927552762,qkgzj
1826019282,rlqvk
1017248419,phbvd
7358005684,osszi
8095553273,eepad
3495230917,yqofc
8185296897,belry
1257699390,rhchl
8401931733,rvfmw
7428988811,wygvj
5257553138,tdrzh
3122667819,qgpjl
9582530322,bttuh
9995489131,kfzuf
5657083011,eejci
5936882234,otpvn
5218700022,dbumd
8644007320,wftsf
1737766150,itdqn
3019210705,wufnq
1590802024,soqdj
3292017626,kzsnr
4018901440,qtsxi
5462835682,jniju
5986108908,jukba
5651742745,wwlrk
2248859395,mmcne
5339649269,ibjkw
2094790863,fnqeg
3956496323,opnzt
3288872425,tsdvm
6685047659,apisa
8261227330,wseyf
4948164578,ytcox
1513229876,ljzmn
6317919923,thkcy
8224179030,ksvvx
4067382907,okavm
2439101616,ypwga
9086663639,renor
7726796212,iinzf
9877277686,mhsnf
3200917877,krbex
1375599827,dehfa
1227832680,ehgbt
2695072096,rsdkq
7860521249,qbrqv
